<?xml version="1.0"?>
<OSCOutputGroup>
  <oscMessage>/wek/outputs</oscMessage>
  <hostName>localhost</hostName>
  <outputPort>12000</outputPort>
  <outputs class="linked-list">
    <wekimini.osc.OSCNumericOutput>
      <name>voice1-ratio</name>
      <min>0.0</min>
      <max>100.0</max>
      <outputType>REAL</outputType>
      <limitType>SOFT</limitType>
      <trainingDataLimitRestriction>DONT_ENFORCE_LIMITS</trainingDataLimitRestriction>
      <trainingDataIntegerRestriction>DONT_ENFORCE_INTEGER</trainingDataIntegerRestriction>
    </wekimini.osc.OSCNumericOutput>
    <wekimini.osc.OSCNumericOutput>
      <name>voice1-lfo-frequency</name>
      <min>0.0</min>
      <max>100.0</max>
      <outputType>REAL</outputType>
      <limitType>SOFT</limitType>
      <trainingDataLimitRestriction>DONT_ENFORCE_LIMITS</trainingDataLimitRestriction>
      <trainingDataIntegerRestriction>DONT_ENFORCE_INTEGER</trainingDataIntegerRestriction>
    </wekimini.osc.OSCNumericOutput>
    <wekimini.osc.OSCNumericOutput>
      <name>voice2-ratio</name>
      <min>0.0</min>
      <max>4.9</max>
      <outputType>REAL</outputType>
      <limitType>SOFT</limitType>
      <trainingDataLimitRestriction>DONT_ENFORCE_LIMITS</trainingDataLimitRestriction>
      <trainingDataIntegerRestriction>DONT_ENFORCE_INTEGER</trainingDataIntegerRestriction>
    </wekimini.osc.OSCNumericOutput>
    <wekimini.osc.OSCNumericOutput>
      <name>voice2-lfo-frequency</name>
      <min>0.0</min>
      <max>100.0</max>
      <outputType>REAL</outputType>
      <limitType>SOFT</limitType>
      <trainingDataLimitRestriction>DONT_ENFORCE_LIMITS</trainingDataLimitRestriction>
      <trainingDataIntegerRestriction>DONT_ENFORCE_INTEGER</trainingDataIntegerRestriction>
    </wekimini.osc.OSCNumericOutput>
    <wekimini.osc.OSCNumericOutput>
      <name>voice3-ratio</name>
      <min>5.0</min>
      <max>10.0</max>
      <outputType>REAL</outputType>
      <limitType>SOFT</limitType>
      <trainingDataLimitRestriction>DONT_ENFORCE_LIMITS</trainingDataLimitRestriction>
      <trainingDataIntegerRestriction>DONT_ENFORCE_INTEGER</trainingDataIntegerRestriction>
    </wekimini.osc.OSCNumericOutput>
    <wekimini.osc.OSCNumericOutput>
      <name>voice3-lfo-frequency</name>
      <min>0.0</min>
      <max>100.0</max>
      <outputType>REAL</outputType>
      <limitType>SOFT</limitType>
      <trainingDataLimitRestriction>DONT_ENFORCE_LIMITS</trainingDataLimitRestriction>
      <trainingDataIntegerRestriction>DONT_ENFORCE_INTEGER</trainingDataIntegerRestriction>
    </wekimini.osc.OSCNumericOutput>
    <wekimini.osc.OSCNumericOutput>
      <name>voice4-ratio</name>
      <min>0.0</min>
      <max>100.0</max>
      <outputType>REAL</outputType>
      <limitType>SOFT</limitType>
      <trainingDataLimitRestriction>DONT_ENFORCE_LIMITS</trainingDataLimitRestriction>
      <trainingDataIntegerRestriction>DONT_ENFORCE_INTEGER</trainingDataIntegerRestriction>
    </wekimini.osc.OSCNumericOutput>
    <wekimini.osc.OSCNumericOutput>
      <name>voice4-lfo-frequency</name>
      <min>0.0</min>
      <max>100.0</max>
      <outputType>REAL</outputType>
      <limitType>SOFT</limitType>
      <trainingDataLimitRestriction>DONT_ENFORCE_LIMITS</trainingDataLimitRestriction>
      <trainingDataIntegerRestriction>DONT_ENFORCE_INTEGER</trainingDataIntegerRestriction>
    </wekimini.osc.OSCNumericOutput>
    <wekimini.osc.OSCNumericOutput>
      <name>voice5-ratio</name>
      <min>0.0</min>
      <max>100.0</max>
      <outputType>REAL</outputType>
      <limitType>SOFT</limitType>
      <trainingDataLimitRestriction>DONT_ENFORCE_LIMITS</trainingDataLimitRestriction>
      <trainingDataIntegerRestriction>DONT_ENFORCE_INTEGER</trainingDataIntegerRestriction>
    </wekimini.osc.OSCNumericOutput>
    <wekimini.osc.OSCNumericOutput>
      <name>voice5-lfo-frequency</name>
      <min>0.0</min>
      <max>100.0</max>
      <outputType>REAL</outputType>
      <limitType>SOFT</limitType>
      <trainingDataLimitRestriction>DONT_ENFORCE_LIMITS</trainingDataLimitRestriction>
      <trainingDataIntegerRestriction>DONT_ENFORCE_INTEGER</trainingDataIntegerRestriction>
    </wekimini.osc.OSCNumericOutput>
    <wekimini.osc.OSCNumericOutput>
      <name>voice6-ratio</name>
      <min>0.0</min>
      <max>100.0</max>
      <outputType>REAL</outputType>
      <limitType>SOFT</limitType>
      <trainingDataLimitRestriction>DONT_ENFORCE_LIMITS</trainingDataLimitRestriction>
      <trainingDataIntegerRestriction>DONT_ENFORCE_INTEGER</trainingDataIntegerRestriction>
    </wekimini.osc.OSCNumericOutput>
    <wekimini.osc.OSCNumericOutput>
      <name>voice6-lfo-frequency</name>
      <min>0.0</min>
      <max>100.0</max>
      <outputType>REAL</outputType>
      <limitType>SOFT</limitType>
      <trainingDataLimitRestriction>DONT_ENFORCE_LIMITS</trainingDataLimitRestriction>
      <trainingDataIntegerRestriction>DONT_ENFORCE_INTEGER</trainingDataIntegerRestriction>
    </wekimini.osc.OSCNumericOutput>
    <wekimini.osc.OSCNumericOutput>
      <name>voice7-ratio</name>
      <min>0.0</min>
      <max>100.0</max>
      <outputType>REAL</outputType>
      <limitType>SOFT</limitType>
      <trainingDataLimitRestriction>DONT_ENFORCE_LIMITS</trainingDataLimitRestriction>
      <trainingDataIntegerRestriction>DONT_ENFORCE_INTEGER</trainingDataIntegerRestriction>
    </wekimini.osc.OSCNumericOutput>
    <wekimini.osc.OSCNumericOutput>
      <name>voice7-lfo-frequency</name>
      <min>0.0</min>
      <max>100.0</max>
      <outputType>REAL</outputType>
      <limitType>SOFT</limitType>
      <trainingDataLimitRestriction>DONT_ENFORCE_LIMITS</trainingDataLimitRestriction>
      <trainingDataIntegerRestriction>DONT_ENFORCE_INTEGER</trainingDataIntegerRestriction>
    </wekimini.osc.OSCNumericOutput>
    <wekimini.osc.OSCNumericOutput>
      <name>voice8-ratio</name>
      <min>0.0</min>
      <max>100.0</max>
      <outputType>REAL</outputType>
      <limitType>SOFT</limitType>
      <trainingDataLimitRestriction>DONT_ENFORCE_LIMITS</trainingDataLimitRestriction>
      <trainingDataIntegerRestriction>DONT_ENFORCE_INTEGER</trainingDataIntegerRestriction>
    </wekimini.osc.OSCNumericOutput>
    <wekimini.osc.OSCNumericOutput>
      <name>voice8-lfo-frequency</name>
      <min>0.0</min>
      <max>100.0</max>
      <outputType>REAL</outputType>
      <limitType>SOFT</limitType>
      <trainingDataLimitRestriction>DONT_ENFORCE_LIMITS</trainingDataLimitRestriction>
      <trainingDataIntegerRestriction>DONT_ENFORCE_INTEGER</trainingDataIntegerRestriction>
    </wekimini.osc.OSCNumericOutput>
    <wekimini.osc.OSCNumericOutput>
      <name>voice9-ratio</name>
      <min>0.0</min>
      <max>100.0</max>
      <outputType>REAL</outputType>
      <limitType>SOFT</limitType>
      <trainingDataLimitRestriction>DONT_ENFORCE_LIMITS</trainingDataLimitRestriction>
      <trainingDataIntegerRestriction>DONT_ENFORCE_INTEGER</trainingDataIntegerRestriction>
    </wekimini.osc.OSCNumericOutput>
    <wekimini.osc.OSCNumericOutput>
      <name>voice9-lfo-frequency</name>
      <min>0.0</min>
      <max>100.0</max>
      <outputType>REAL</outputType>
      <limitType>SOFT</limitType>
      <trainingDataLimitRestriction>DONT_ENFORCE_LIMITS</trainingDataLimitRestriction>
      <trainingDataIntegerRestriction>DONT_ENFORCE_INTEGER</trainingDataIntegerRestriction>
    </wekimini.osc.OSCNumericOutput>
    <wekimini.osc.OSCNumericOutput>
      <name>voice10-ratio</name>
      <min>0.0</min>
      <max>100.0</max>
      <outputType>REAL</outputType>
      <limitType>SOFT</limitType>
      <trainingDataLimitRestriction>DONT_ENFORCE_LIMITS</trainingDataLimitRestriction>
      <trainingDataIntegerRestriction>DONT_ENFORCE_INTEGER</trainingDataIntegerRestriction>
    </wekimini.osc.OSCNumericOutput>
    <wekimini.osc.OSCNumericOutput>
      <name>voice10-lfo-frequency</name>
      <min>0.0</min>
      <max>100.0</max>
      <outputType>REAL</outputType>
      <limitType>SOFT</limitType>
      <trainingDataLimitRestriction>DONT_ENFORCE_LIMITS</trainingDataLimitRestriction>
      <trainingDataIntegerRestriction>DONT_ENFORCE_INTEGER</trainingDataIntegerRestriction>
    </wekimini.osc.OSCNumericOutput>
    <wekimini.osc.OSCNumericOutput>
      <name>voice11-ratio</name>
      <min>0.0</min>
      <max>100.0</max>
      <outputType>REAL</outputType>
      <limitType>SOFT</limitType>
      <trainingDataLimitRestriction>DONT_ENFORCE_LIMITS</trainingDataLimitRestriction>
      <trainingDataIntegerRestriction>DONT_ENFORCE_INTEGER</trainingDataIntegerRestriction>
    </wekimini.osc.OSCNumericOutput>
    <wekimini.osc.OSCNumericOutput>
      <name>voice11-lfo-frequency</name>
      <min>0.0</min>
      <max>100.0</max>
      <outputType>REAL</outputType>
      <limitType>SOFT</limitType>
      <trainingDataLimitRestriction>DONT_ENFORCE_LIMITS</trainingDataLimitRestriction>
      <trainingDataIntegerRestriction>DONT_ENFORCE_INTEGER</trainingDataIntegerRestriction>
    </wekimini.osc.OSCNumericOutput>
    <wekimini.osc.OSCNumericOutput>
      <name>voice12-ratio</name>
      <min>0.0</min>
      <max>100.0</max>
      <outputType>REAL</outputType>
      <limitType>SOFT</limitType>
      <trainingDataLimitRestriction>DONT_ENFORCE_LIMITS</trainingDataLimitRestriction>
      <trainingDataIntegerRestriction>DONT_ENFORCE_INTEGER</trainingDataIntegerRestriction>
    </wekimini.osc.OSCNumericOutput>
    <wekimini.osc.OSCNumericOutput>
      <name>voice12-lfo-frequency</name>
      <min>0.0</min>
      <max>100.0</max>
      <outputType>REAL</outputType>
      <limitType>SOFT</limitType>
      <trainingDataLimitRestriction>DONT_ENFORCE_LIMITS</trainingDataLimitRestriction>
      <trainingDataIntegerRestriction>DONT_ENFORCE_INTEGER</trainingDataIntegerRestriction>
    </wekimini.osc.OSCNumericOutput>
    <wekimini.osc.OSCNumericOutput>
      <name>voice13-ratio</name>
      <min>0.0</min>
      <max>100.0</max>
      <outputType>REAL</outputType>
      <limitType>SOFT</limitType>
      <trainingDataLimitRestriction>DONT_ENFORCE_LIMITS</trainingDataLimitRestriction>
      <trainingDataIntegerRestriction>DONT_ENFORCE_INTEGER</trainingDataIntegerRestriction>
    </wekimini.osc.OSCNumericOutput>
    <wekimini.osc.OSCNumericOutput>
      <name>voice13-lfo-frequency</name>
      <min>0.0</min>
      <max>100.0</max>
      <outputType>REAL</outputType>
      <limitType>SOFT</limitType>
      <trainingDataLimitRestriction>DONT_ENFORCE_LIMITS</trainingDataLimitRestriction>
      <trainingDataIntegerRestriction>DONT_ENFORCE_INTEGER</trainingDataIntegerRestriction>
    </wekimini.osc.OSCNumericOutput>
    <wekimini.osc.OSCNumericOutput>
      <name>voice14-ratio</name>
      <min>0.0</min>
      <max>100.0</max>
      <outputType>REAL</outputType>
      <limitType>SOFT</limitType>
      <trainingDataLimitRestriction>DONT_ENFORCE_LIMITS</trainingDataLimitRestriction>
      <trainingDataIntegerRestriction>DONT_ENFORCE_INTEGER</trainingDataIntegerRestriction>
    </wekimini.osc.OSCNumericOutput>
    <wekimini.osc.OSCNumericOutput>
      <name>voice14-lfo-frequency</name>
      <min>0.0</min>
      <max>100.0</max>
      <outputType>REAL</outputType>
      <limitType>SOFT</limitType>
      <trainingDataLimitRestriction>DONT_ENFORCE_LIMITS</trainingDataLimitRestriction>
      <trainingDataIntegerRestriction>DONT_ENFORCE_INTEGER</trainingDataIntegerRestriction>
    </wekimini.osc.OSCNumericOutput>
    <wekimini.osc.OSCNumericOutput>
      <name>voice15-ratio</name>
      <min>0.0</min>
      <max>100.0</max>
      <outputType>REAL</outputType>
      <limitType>SOFT</limitType>
      <trainingDataLimitRestriction>DONT_ENFORCE_LIMITS</trainingDataLimitRestriction>
      <trainingDataIntegerRestriction>DONT_ENFORCE_INTEGER</trainingDataIntegerRestriction>
    </wekimini.osc.OSCNumericOutput>
    <wekimini.osc.OSCNumericOutput>
      <name>voice15-lfo-frequency</name>
      <min>0.0</min>
      <max>100.0</max>
      <outputType>REAL</outputType>
      <limitType>SOFT</limitType>
      <trainingDataLimitRestriction>DONT_ENFORCE_LIMITS</trainingDataLimitRestriction>
      <trainingDataIntegerRestriction>DONT_ENFORCE_INTEGER</trainingDataIntegerRestriction>
    </wekimini.osc.OSCNumericOutput>
    <wekimini.osc.OSCNumericOutput>
      <name>voice16-ratio</name>
      <min>0.0</min>
      <max>100.0</max>
      <outputType>REAL</outputType>
      <limitType>SOFT</limitType>
      <trainingDataLimitRestriction>DONT_ENFORCE_LIMITS</trainingDataLimitRestriction>
      <trainingDataIntegerRestriction>DONT_ENFORCE_INTEGER</trainingDataIntegerRestriction>
    </wekimini.osc.OSCNumericOutput>
    <wekimini.osc.OSCNumericOutput>
      <name>voice16-lfo-frequency</name>
      <min>0.0</min>
      <max>100.0</max>
      <outputType>REAL</outputType>
      <limitType>SOFT</limitType>
      <trainingDataLimitRestriction>DONT_ENFORCE_LIMITS</trainingDataLimitRestriction>
      <trainingDataIntegerRestriction>DONT_ENFORCE_INTEGER</trainingDataIntegerRestriction>
    </wekimini.osc.OSCNumericOutput>
    <wekimini.osc.OSCNumericOutput>
      <name>voice17-ratio</name>
      <min>0.0</min>
      <max>100.0</max>
      <outputType>REAL</outputType>
      <limitType>SOFT</limitType>
      <trainingDataLimitRestriction>DONT_ENFORCE_LIMITS</trainingDataLimitRestriction>
      <trainingDataIntegerRestriction>DONT_ENFORCE_INTEGER</trainingDataIntegerRestriction>
    </wekimini.osc.OSCNumericOutput>
    <wekimini.osc.OSCNumericOutput>
      <name>voice17-lfo-frequency</name>
      <min>0.0</min>
      <max>100.0</max>
      <outputType>REAL</outputType>
      <limitType>SOFT</limitType>
      <trainingDataLimitRestriction>DONT_ENFORCE_LIMITS</trainingDataLimitRestriction>
      <trainingDataIntegerRestriction>DONT_ENFORCE_INTEGER</trainingDataIntegerRestriction>
    </wekimini.osc.OSCNumericOutput>
    <wekimini.osc.OSCNumericOutput>
      <name>voice18-ratio</name>
      <min>0.0</min>
      <max>100.0</max>
      <outputType>REAL</outputType>
      <limitType>SOFT</limitType>
      <trainingDataLimitRestriction>DONT_ENFORCE_LIMITS</trainingDataLimitRestriction>
      <trainingDataIntegerRestriction>DONT_ENFORCE_INTEGER</trainingDataIntegerRestriction>
    </wekimini.osc.OSCNumericOutput>
    <wekimini.osc.OSCNumericOutput>
      <name>voice18-lfo-frequency</name>
      <min>0.0</min>
      <max>100.0</max>
      <outputType>REAL</outputType>
      <limitType>SOFT</limitType>
      <trainingDataLimitRestriction>DONT_ENFORCE_LIMITS</trainingDataLimitRestriction>
      <trainingDataIntegerRestriction>DONT_ENFORCE_INTEGER</trainingDataIntegerRestriction>
    </wekimini.osc.OSCNumericOutput>
    <wekimini.osc.OSCNumericOutput>
      <name>voice19-ratio</name>
      <min>0.0</min>
      <max>100.0</max>
      <outputType>REAL</outputType>
      <limitType>SOFT</limitType>
      <trainingDataLimitRestriction>DONT_ENFORCE_LIMITS</trainingDataLimitRestriction>
      <trainingDataIntegerRestriction>DONT_ENFORCE_INTEGER</trainingDataIntegerRestriction>
    </wekimini.osc.OSCNumericOutput>
    <wekimini.osc.OSCNumericOutput>
      <name>voice19-lfo-frequency</name>
      <min>0.0</min>
      <max>100.0</max>
      <outputType>REAL</outputType>
      <limitType>SOFT</limitType>
      <trainingDataLimitRestriction>DONT_ENFORCE_LIMITS</trainingDataLimitRestriction>
      <trainingDataIntegerRestriction>DONT_ENFORCE_INTEGER</trainingDataIntegerRestriction>
    </wekimini.osc.OSCNumericOutput>
    <wekimini.osc.OSCNumericOutput>
      <name>voice20-ratio</name>
      <min>0.0</min>
      <max>100.0</max>
      <outputType>REAL</outputType>
      <limitType>SOFT</limitType>
      <trainingDataLimitRestriction>DONT_ENFORCE_LIMITS</trainingDataLimitRestriction>
      <trainingDataIntegerRestriction>DONT_ENFORCE_INTEGER</trainingDataIntegerRestriction>
    </wekimini.osc.OSCNumericOutput>
    <wekimini.osc.OSCNumericOutput>
      <name>voice20-lfo-frequency</name>
      <min>0.0</min>
      <max>100.0</max>
      <outputType>REAL</outputType>
      <limitType>SOFT</limitType>
      <trainingDataLimitRestriction>DONT_ENFORCE_LIMITS</trainingDataLimitRestriction>
      <trainingDataIntegerRestriction>DONT_ENFORCE_INTEGER</trainingDataIntegerRestriction>
    </wekimini.osc.OSCNumericOutput>
    <wekimini.osc.OSCNumericOutput>
      <name>voice21-ratio</name>
      <min>0.0</min>
      <max>100.0</max>
      <outputType>REAL</outputType>
      <limitType>SOFT</limitType>
      <trainingDataLimitRestriction>DONT_ENFORCE_LIMITS</trainingDataLimitRestriction>
      <trainingDataIntegerRestriction>DONT_ENFORCE_INTEGER</trainingDataIntegerRestriction>
    </wekimini.osc.OSCNumericOutput>
    <wekimini.osc.OSCNumericOutput>
      <name>voice21-lfo-frequency</name>
      <min>0.0</min>
      <max>100.0</max>
      <outputType>REAL</outputType>
      <limitType>SOFT</limitType>
      <trainingDataLimitRestriction>DONT_ENFORCE_LIMITS</trainingDataLimitRestriction>
      <trainingDataIntegerRestriction>DONT_ENFORCE_INTEGER</trainingDataIntegerRestriction>
    </wekimini.osc.OSCNumericOutput>
    <wekimini.osc.OSCNumericOutput>
      <name>voice22-ratio</name>
      <min>0.0</min>
      <max>100.0</max>
      <outputType>REAL</outputType>
      <limitType>SOFT</limitType>
      <trainingDataLimitRestriction>DONT_ENFORCE_LIMITS</trainingDataLimitRestriction>
      <trainingDataIntegerRestriction>DONT_ENFORCE_INTEGER</trainingDataIntegerRestriction>
    </wekimini.osc.OSCNumericOutput>
    <wekimini.osc.OSCNumericOutput>
      <name>voice22-lfo-frequency</name>
      <min>0.0</min>
      <max>100.0</max>
      <outputType>REAL</outputType>
      <limitType>SOFT</limitType>
      <trainingDataLimitRestriction>DONT_ENFORCE_LIMITS</trainingDataLimitRestriction>
      <trainingDataIntegerRestriction>DONT_ENFORCE_INTEGER</trainingDataIntegerRestriction>
    </wekimini.osc.OSCNumericOutput>
    <wekimini.osc.OSCNumericOutput>
      <name>voice23-ratio</name>
      <min>0.0</min>
      <max>100.0</max>
      <outputType>REAL</outputType>
      <limitType>SOFT</limitType>
      <trainingDataLimitRestriction>DONT_ENFORCE_LIMITS</trainingDataLimitRestriction>
      <trainingDataIntegerRestriction>DONT_ENFORCE_INTEGER</trainingDataIntegerRestriction>
    </wekimini.osc.OSCNumericOutput>
    <wekimini.osc.OSCNumericOutput>
      <name>voice23-lfo-frequency</name>
      <min>0.0</min>
      <max>100.0</max>
      <outputType>REAL</outputType>
      <limitType>SOFT</limitType>
      <trainingDataLimitRestriction>DONT_ENFORCE_LIMITS</trainingDataLimitRestriction>
      <trainingDataIntegerRestriction>DONT_ENFORCE_INTEGER</trainingDataIntegerRestriction>
    </wekimini.osc.OSCNumericOutput>
    <wekimini.osc.OSCNumericOutput>
      <name>voice24-ratio</name>
      <min>0.0</min>
      <max>100.0</max>
      <outputType>REAL</outputType>
      <limitType>SOFT</limitType>
      <trainingDataLimitRestriction>DONT_ENFORCE_LIMITS</trainingDataLimitRestriction>
      <trainingDataIntegerRestriction>DONT_ENFORCE_INTEGER</trainingDataIntegerRestriction>
    </wekimini.osc.OSCNumericOutput>
    <wekimini.osc.OSCNumericOutput>
      <name>voice24-lfo-frequency</name>
      <min>0.0</min>
      <max>100.0</max>
      <outputType>REAL</outputType>
      <limitType>SOFT</limitType>
      <trainingDataLimitRestriction>DONT_ENFORCE_LIMITS</trainingDataLimitRestriction>
      <trainingDataIntegerRestriction>DONT_ENFORCE_INTEGER</trainingDataIntegerRestriction>
    </wekimini.osc.OSCNumericOutput>
    <wekimini.osc.OSCNumericOutput>
      <name>voice25-ratio</name>
      <min>0.0</min>
      <max>100.0</max>
      <outputType>REAL</outputType>
      <limitType>SOFT</limitType>
      <trainingDataLimitRestriction>DONT_ENFORCE_LIMITS</trainingDataLimitRestriction>
      <trainingDataIntegerRestriction>DONT_ENFORCE_INTEGER</trainingDataIntegerRestriction>
    </wekimini.osc.OSCNumericOutput>
    <wekimini.osc.OSCNumericOutput>
      <name>voice25-lfo-frequency</name>
      <min>0.0</min>
      <max>100.0</max>
      <outputType>REAL</outputType>
      <limitType>SOFT</limitType>
      <trainingDataLimitRestriction>DONT_ENFORCE_LIMITS</trainingDataLimitRestriction>
      <trainingDataIntegerRestriction>DONT_ENFORCE_INTEGER</trainingDataIntegerRestriction>
    </wekimini.osc.OSCNumericOutput>
    <wekimini.osc.OSCNumericOutput>
      <name>envelope-attack</name>
      <min>1.0</min>
      <max>10000.0</max>
      <outputType>REAL</outputType>
      <limitType>SOFT</limitType>
      <trainingDataLimitRestriction>DONT_ENFORCE_LIMITS</trainingDataLimitRestriction>
      <trainingDataIntegerRestriction>DONT_ENFORCE_INTEGER</trainingDataIntegerRestriction>
    </wekimini.osc.OSCNumericOutput>
    <wekimini.osc.OSCNumericOutput>
      <name>envelope-decay</name>
      <min>1.0</min>
      <max>10000.0</max>
      <outputType>REAL</outputType>
      <limitType>SOFT</limitType>
      <trainingDataLimitRestriction>DONT_ENFORCE_LIMITS</trainingDataLimitRestriction>
      <trainingDataIntegerRestriction>DONT_ENFORCE_INTEGER</trainingDataIntegerRestriction>
    </wekimini.osc.OSCNumericOutput>
    <wekimini.osc.OSCNumericOutput>
      <name>envelope-sustain</name>
      <min>1.0</min>
      <max>10000.0</max>
      <outputType>REAL</outputType>
      <limitType>SOFT</limitType>
      <trainingDataLimitRestriction>DONT_ENFORCE_LIMITS</trainingDataLimitRestriction>
      <trainingDataIntegerRestriction>DONT_ENFORCE_INTEGER</trainingDataIntegerRestriction>
    </wekimini.osc.OSCNumericOutput>
    <wekimini.osc.OSCNumericOutput>
      <name>envelope-release</name>
      <min>1.0</min>
      <max>10000.0</max>
      <outputType>REAL</outputType>
      <limitType>SOFT</limitType>
      <trainingDataLimitRestriction>DONT_ENFORCE_LIMITS</trainingDataLimitRestriction>
      <trainingDataIntegerRestriction>DONT_ENFORCE_INTEGER</trainingDataIntegerRestriction>
    </wekimini.osc.OSCNumericOutput>
  </outputs>
</OSCOutputGroup>